<?xml version="1.0" encoding="UTF-8" ?><!-- This is a WordPress eXtended RSS file generated by WordPress as an export of your site. -->
<!-- It contains information about your site's posts, pages, comments, categories, and other content. -->
<!-- You may use this file to transfer that content from one site to another. -->
<!-- This file is not intended to serve as a complete backup of your site. -->

<!-- To import this information into a WordPress site follow these steps: -->
<!-- 1. Log in to that site as an administrator. -->
<!-- 2. Go to Tools: Import in the WordPress admin panel. -->
<!-- 3. Install the "WordPress" importer from the list. -->
<!-- 4. Activate & Run Importer. -->
<!-- 5. Upload this file using the form provided on that page. -->
<!-- 6. You will first be asked to map the authors in this export file to users -->
<!--    on the site. For each author, you may choose to map to an -->
<!--    existing user on the site or to create a new user. -->
<!-- 7. WordPress will then import each of the posts, pages, comments, categories, etc. -->
<!--    contained in this file into your site. -->
<!-- generator="WordPress/4.6.1" created="2016-11-02 15:23" -->
<rss version="2.0"
	xmlns:excerpt="http://wordpress.org/export/1.2/excerpt/"
	xmlns:content="http://purl.org/rss/1.0/modules/content/"
	xmlns:wfw="http://wellformedweb.org/CommentAPI/"
	xmlns:dc="http://purl.org/dc/elements/1.1/"
	xmlns:wp="http://wordpress.org/export/1.2/"
>

	<channel>
		<title>WPBakery</title>
		<link>http://localhost</link>
		<description>Fun and Test</description>
		<pubDate>Wed, 02 Nov 2016 15:23:44 +0000</pubDate>
		<language>en-US</language>
		<wp:wxr_version>1.2</wp:wxr_version>
		<wp:base_site_url>http://localhost</wp:base_site_url>
		<wp:base_blog_url>http://localhost</wp:base_blog_url>

		<item>
			<title><![CDATA[Description of Product]]></title>
			<link></link>
			<pubDate></pubDate>
			<dc:creator><![CDATA[admin]]></dc:creator>
			<guid isPermaLink="false">http://vc4.dev/?post_type=vc4_templates&amp;p=6</guid>
			<description/>
			<content:encoded><![CDATA[[vc_row full_width="stretch_row" parallax="content-moving" css=".vc_custom_1476095426475{padding-top: 100px !important;padding-bottom: 50px !important;background-color: #081619 !important;}"][vc_column width="1/2"][vc_custom_heading text="The Best Black Coffee Shop" font_container="tag:h1|font_size:60|text_align:left|color:%23ffffff" use_theme_fonts="yes" css=".vc_custom_1476095558461{padding-bottom: 10px !important;}"][vc_column_text]<span style="color: #ffffff;">Coffee is a brewed drink prepared from roasted coffee beans, which are the seeds of berries from the Coffea plant. The genus Coffea is native to tropical Africa, Madagascar, and the Comoros, Mauritius and Réunion in the Indian Ocean.</span>[/vc_column_text][vc_btn title="Read More" style="flat" shape="round" color="chino" align="left"][/vc_column][vc_column width="1/2"][vc_single_image image="3304" img_size="full" alignment="center" style="vc_box_rounded"][/vc_column][/vc_row][vc_row][vc_column width="1/2"][vc_icon type="material" icon_material="vc-material vc-material-local_florist" color="chino" size="xl"][vc_custom_heading text="Growth" use_theme_fonts="yes" css=".vc_custom_1476095847362{margin-top: 0px !important;}"][vc_column_text css=".vc_custom_1476095885827{margin-bottom: 15px !important;}"]The traditional method of planting coffee is to place 20 seeds in each hole at the beginning of the rainy season. This method loses about 50% of the seeds' potential, as about half fail to sprout.[/vc_column_text][/vc_column][vc_column width="1/2"][vc_icon type="material" icon_material="vc-material vc-material-directions_boat" color="chino" size="xl"][vc_custom_heading text="Delivery" use_theme_fonts="yes" css=".vc_custom_1476095834661{margin-top: 0px !important;}"][vc_column_text css=".vc_custom_1476095904412{margin-bottom: 15px !important;}"]The robusta strain was first collected in 1890 from the Lomani River, a tributary of the Congo River, and was conveyed from Zaire (now the Democratic Republic of Congo) to Brussels to Java around 1900.[/vc_column_text][/vc_column][/vc_row][vc_row][vc_column width="1/2"][vc_icon type="material" icon_material="vc-material vc-material-store_mall_directory" color="chino" size="xl"][vc_custom_heading text="Barista" use_theme_fonts="yes" css=".vc_custom_1476095854664{margin-top: 0px !important;}"][vc_column_text css=".vc_custom_1476095919802{margin-bottom: 15px !important;}"]Instead, integrated pest management has developed, using techniques such as targeted treatment of pest outbreaks, and managing crop environment away from conditions favouring pests. Branches infested with scale are often cut and left on the ground, which promotes scale parasites to not only attack the scale on the fallen branches but in the plant as well.[/vc_column_text][/vc_column][vc_column width="1/2"][/vc_column][/vc_row]]]></content:encoded>
			<excerpt:encoded><![CDATA[]]></excerpt:encoded>
			<wp:post_id>1</wp:post_id>
			<wp:post_date></wp:post_date>
			<wp:post_date_gmt></wp:post_date_gmt>
			<wp:comment_status><![CDATA[closed]]></wp:comment_status>
			<wp:ping_status><![CDATA[closed]]></wp:ping_status>
			<wp:post_name><![CDATA[Description of Product]]></wp:post_name>
			<wp:status><![CDATA[publish]]></wp:status>
			<wp:post_parent>0</wp:post_parent>
			<wp:menu_order>0</wp:menu_order>
			<wp:post_type><![CDATA[vc4_templates]]></wp:post_type>
			<wp:post_password><![CDATA[]]></wp:post_password>
			<wp:is_sticky>0</wp:is_sticky>
			<wp:postmeta>
				<wp:meta_key><![CDATA[_vc4_templates-version]]></wp:meta_key>
				<wp:meta_value><![CDATA[1]]></wp:meta_value>
			</wp:postmeta>
			<wp:postmeta>
				<wp:meta_key><![CDATA[_vc4_templates-id]]></wp:meta_key>
				<wp:meta_value><![CDATA[99d61dc0-a132-11e6-b1a9-59b900d05237]]></wp:meta_value>
			</wp:postmeta>
		</item>
							<item>
						<title>01</title>
						<link></link>
						<pubDate></pubDate>
						<dc:creator><![CDATA[RaitisSevelis]]></dc:creator>
						<guid isPermaLink="false"></guid>
						<description></description>
						<content:encoded><![CDATA[]]></content:encoded>
						<excerpt:encoded><![CDATA[]]></excerpt:encoded>
						<wp:post_id>3304</wp:post_id>
						<wp:post_date><![CDATA[2016-10-10 10:29:46]]></wp:post_date>
						<wp:post_date_gmt><![CDATA[2016-10-10 10:29:46]]></wp:post_date_gmt>
						<wp:comment_status><![CDATA[open]]></wp:comment_status>
						<wp:ping_status><![CDATA[closed]]></wp:ping_status>
						<wp:post_name><![CDATA[01-22]]></wp:post_name>
						<wp:status><![CDATA[inherit]]></wp:status>
						<wp:post_parent>2602</wp:post_parent>
						<wp:menu_order>0</wp:menu_order>
						<wp:post_type><![CDATA[attachment]]></wp:post_type>
						<wp:post_password><![CDATA[]]></wp:post_password>
						<wp:is_sticky>0</wp:is_sticky>
													<wp:attachment_url><![CDATA[https://vc-cc-static.s3-us-west-2.amazonaws.com/templates/99d61dc0-a132-11e6-b1a9-59b900d05237/assets/description-of-product-3304.jpg]]></wp:attachment_url>
							<wp:attachment_real_url><![CDATA[http://localhost/wp-content/uploads/2015/09/01-21.jpg]]></wp:attachment_real_url>
																			<wp:postmeta>
								<wp:meta_key><![CDATA[_wp_attached_file]]></wp:meta_key>
								<wp:meta_value><![CDATA[2015/09/01-21.jpg]]></wp:meta_value>
							</wp:postmeta>
													<wp:postmeta>
								<wp:meta_key><![CDATA[_wp_attachment_metadata]]></wp:meta_key>
								<wp:meta_value><![CDATA[a:5:{s:5:"width";i:400;s:6:"height";i:600;s:4:"file";s:17:"2015/09/01-21.jpg";s:5:"sizes";a:4:{s:9:"thumbnail";a:4:{s:4:"file";s:17:"01-21-150x150.jpg";s:5:"width";i:150;s:6:"height";i:150;s:9:"mime-type";s:10:"image/jpeg";}s:6:"medium";a:4:{s:4:"file";s:17:"01-21-200x300.jpg";s:5:"width";i:200;s:6:"height";i:300;s:9:"mime-type";s:10:"image/jpeg";}s:17:"dazzling-featured";a:4:{s:4:"file";s:17:"01-21-400x410.jpg";s:5:"width";i:400;s:6:"height";i:410;s:9:"mime-type";s:10:"image/jpeg";}s:9:"tab-small";a:4:{s:4:"file";s:15:"01-21-60x60.jpg";s:5:"width";i:60;s:6:"height";i:60;s:9:"mime-type";s:10:"image/jpeg";}}s:10:"image_meta";a:12:{s:8:"aperture";s:1:"0";s:6:"credit";s:0:"";s:6:"camera";s:0:"";s:7:"caption";s:0:"";s:17:"created_timestamp";s:1:"0";s:9:"copyright";s:0:"";s:12:"focal_length";s:1:"0";s:3:"iso";s:1:"0";s:13:"shutter_speed";s:1:"0";s:5:"title";s:0:"";s:11:"orientation";s:1:"0";s:8:"keywords";a:0:{}}}]]></wp:meta_value>
							</wp:postmeta>
											</item>
						</channel>
</rss>