<?xml version="1.0" encoding="UTF-8" ?><!-- This is a WordPress eXtended RSS file generated by WordPress as an export of your site. -->
<!-- It contains information about your site's posts, pages, comments, categories, and other content. -->
<!-- You may use this file to transfer that content from one site to another. -->
<!-- This file is not intended to serve as a complete backup of your site. -->

<!-- To import this information into a WordPress site follow these steps: -->
<!-- 1. Log in to that site as an administrator. -->
<!-- 2. Go to Tools: Import in the WordPress admin panel. -->
<!-- 3. Install the "WordPress" importer from the list. -->
<!-- 4. Activate & Run Importer. -->
<!-- 5. Upload this file using the form provided on that page. -->
<!-- 6. You will first be asked to map the authors in this export file to users -->
<!--    on the site. For each author, you may choose to map to an -->
<!--    existing user on the site or to create a new user. -->
<!-- 7. WordPress will then import each of the posts, pages, comments, categories, etc. -->
<!--    contained in this file into your site. -->
<!-- generator="WordPress/4.6.1" created="2016-11-02 15:24" -->
<rss version="2.0"
	xmlns:excerpt="http://wordpress.org/export/1.2/excerpt/"
	xmlns:content="http://purl.org/rss/1.0/modules/content/"
	xmlns:wfw="http://wellformedweb.org/CommentAPI/"
	xmlns:dc="http://purl.org/dc/elements/1.1/"
	xmlns:wp="http://wordpress.org/export/1.2/"
>

	<channel>
		<title>WPBakery</title>
		<link>http://localhost</link>
		<description>Fun and Test</description>
		<pubDate>Wed, 02 Nov 2016 15:24:14 +0000</pubDate>
		<language>en-US</language>
		<wp:wxr_version>1.2</wp:wxr_version>
		<wp:base_site_url>http://localhost</wp:base_site_url>
		<wp:base_blog_url>http://localhost</wp:base_blog_url>

		<item>
			<title><![CDATA[Outline And Solid Blocks]]></title>
			<link></link>
			<pubDate></pubDate>
			<dc:creator><![CDATA[admin]]></dc:creator>
			<guid isPermaLink="false">http://vc4.dev/?post_type=vc4_templates&amp;p=6</guid>
			<description/>
			<content:encoded><![CDATA[[vc_row gap="20" equal_height="yes" content_placement="middle"][vc_column width="1/2" css=".vc_custom_1478012170322{border-top-width: 2px !important;border-right-width: 2px !important;border-bottom-width: 2px !important;border-left-width: 2px !important;padding-top: 50px !important;padding-bottom: 50px !important;border-left-color: #dd9933 !important;border-left-style: solid !important;border-right-color: #dd9933 !important;border-right-style: solid !important;border-top-color: #dd9933 !important;border-top-style: solid !important;border-bottom-color: #dd9933 !important;border-bottom-style: solid !important;}"][vc_custom_heading text="Master of Letters" font_container="tag:h2|font_size:30|text_align:center|color:%23dd9933" use_theme_fonts="yes" css=".vc_custom_1478012069071{padding-right: 25px !important;padding-left: 25px !important;}"][vc_separator color="custom" border_width="2" el_width="20" accent_color="#dd9933" css=".vc_custom_1478012122227{margin-bottom: 15px !important;}"][vc_column_text css=".vc_custom_1478012113914{padding-right: 25px !important;padding-left: 25px !important;}"]<p style="text-align: center;">Typography is the art and technique of arranging type to make written language legible, readable, and appealing when displayed.</p>[/vc_column_text][/vc_column][vc_column width="1/2" css=".vc_custom_1478012363281{padding-top: 50px !important;padding-bottom: 50px !important;background-color: #dd9933 !important;}"][vc_custom_heading text="Typeface Techniques" font_container="tag:h2|font_size:30|text_align:center|color:%23ffffff" use_theme_fonts="yes" css=".vc_custom_1478012352156{padding-right: 25px !important;padding-left: 25px !important;}"][vc_separator color="custom" border_width="2" el_width="20" accent_color="#e5cb77" css=".vc_custom_1478012331522{margin-bottom: 15px !important;}"][vc_column_text css=".vc_custom_1478012298038{padding-right: 25px !important;padding-left: 25px !important;}"]<p style="text-align: center;"><span style="color: #ffffff;">The former is characterized by its similarly weighted lines, while the latter is distinguished by its contrast of light and heavy lines. Often, these styles are combined.</span></p>[/vc_column_text][/vc_column][/vc_row]]]></content:encoded>
			<excerpt:encoded><![CDATA[]]></excerpt:encoded>
			<wp:post_id>1</wp:post_id>
			<wp:post_date></wp:post_date>
			<wp:post_date_gmt></wp:post_date_gmt>
			<wp:comment_status><![CDATA[closed]]></wp:comment_status>
			<wp:ping_status><![CDATA[closed]]></wp:ping_status>
			<wp:post_name><![CDATA[Outline And Solid Blocks]]></wp:post_name>
			<wp:status><![CDATA[publish]]></wp:status>
			<wp:post_parent>0</wp:post_parent>
			<wp:menu_order>0</wp:menu_order>
			<wp:post_type><![CDATA[vc4_templates]]></wp:post_type>
			<wp:post_password><![CDATA[]]></wp:post_password>
			<wp:is_sticky>0</wp:is_sticky>
			<wp:postmeta>
				<wp:meta_key><![CDATA[_vc4_templates-version]]></wp:meta_key>
				<wp:meta_value><![CDATA[1]]></wp:meta_value>
			</wp:postmeta>
			<wp:postmeta>
				<wp:meta_key><![CDATA[_vc4_templates-id]]></wp:meta_key>
				<wp:meta_value><![CDATA[a0efdb40-a135-11e6-9e79-cd58aba837d4]]></wp:meta_value>
			</wp:postmeta>
		</item>
			</channel>
</rss>