<?xml version="1.0" encoding="UTF-8" ?><!-- This is a WordPress eXtended RSS file generated by WordPress as an export of your site. -->
<!-- It contains information about your site's posts, pages, comments, categories, and other content. -->
<!-- You may use this file to transfer that content from one site to another. -->
<!-- This file is not intended to serve as a complete backup of your site. -->

<!-- To import this information into a WordPress site follow these steps: -->
<!-- 1. Log in to that site as an administrator. -->
<!-- 2. Go to Tools: Import in the WordPress admin panel. -->
<!-- 3. Install the "WordPress" importer from the list. -->
<!-- 4. Activate & Run Importer. -->
<!-- 5. Upload this file using the form provided on that page. -->
<!-- 6. You will first be asked to map the authors in this export file to users -->
<!--    on the site. For each author, you may choose to map to an -->
<!--    existing user on the site or to create a new user. -->
<!-- 7. WordPress will then import each of the posts, pages, comments, categories, etc. -->
<!--    contained in this file into your site. -->
<!-- generator="WordPress/4.6.1" created="2016-11-02 15:23" -->
<rss version="2.0"
	xmlns:excerpt="http://wordpress.org/export/1.2/excerpt/"
	xmlns:content="http://purl.org/rss/1.0/modules/content/"
	xmlns:wfw="http://wellformedweb.org/CommentAPI/"
	xmlns:dc="http://purl.org/dc/elements/1.1/"
	xmlns:wp="http://wordpress.org/export/1.2/"
>

	<channel>
		<title>WPBakery</title>
		<link>http://localhost</link>
		<description>Fun and Test</description>
		<pubDate>Wed, 02 Nov 2016 15:23:22 +0000</pubDate>
		<language>en-US</language>
		<wp:wxr_version>1.2</wp:wxr_version>
		<wp:base_site_url>http://localhost</wp:base_site_url>
		<wp:base_blog_url>http://localhost</wp:base_blog_url>

		<item>
			<title><![CDATA[Article Group]]></title>
			<link></link>
			<pubDate></pubDate>
			<dc:creator><![CDATA[admin]]></dc:creator>
			<guid isPermaLink="false">http://vc4.dev/?post_type=vc4_templates&amp;p=6</guid>
			<description/>
			<content:encoded><![CDATA[[vc_row full_width="stretch_row" css=".vc_custom_1475569976382{padding-top: 50px !important;padding-bottom: 50px !important;background-image: url(http://localhost/wp-content/uploads/2015/09/06.jpg?id=3263) !important;background-position: center !important;background-repeat: no-repeat !important;background-size: cover !important;}"][vc_column][/vc_column][/vc_row][vc_row][vc_column width="1/3"][vc_custom_heading text="A Guide To Introduction" font_container="tag:h1|font_size:40|text_align:left" use_theme_fonts="yes" css=".vc_custom_1474982845553{margin-top: 0px !important;}"][/vc_column][vc_column width="1/3"][vc_custom_heading text="Acknowledgments" font_container="tag:h3|text_align:left" use_theme_fonts="yes" css=".vc_custom_1474982713409{margin-top: 0px !important;}"][vc_column_text css=".vc_custom_1474982742312{margin-bottom: 15px !important;}"]In this case the set of sections that come before the body of the book are known as the front matter.[/vc_column_text][/vc_column][vc_column width="1/3"][vc_custom_heading text="Forewords" font_container="tag:h3|text_align:left" use_theme_fonts="yes" css=".vc_custom_1474982727045{margin-top: 0px !important;}"][vc_column_text css=".vc_custom_1474982770066{margin-bottom: 15px !important;}"]When the book is divided into numbered chapters, by convention the introduction and any other front-matter sections are unnumbered.[/vc_column_text][/vc_column][/vc_row][vc_row][vc_column width="1/3"][/vc_column][vc_column width="1/3"][vc_custom_heading text="Abstract" font_container="tag:h3|text_align:left" use_theme_fonts="yes" css=".vc_custom_1474982783138{margin-top: 0px !important;}"][vc_column_text css=".vc_custom_1474982794040{margin-bottom: 15px !important;}"]Keeping the concept of the introduction the same, different documents have different styles to introduce the written text.[/vc_column_text][/vc_column][vc_column width="1/3"][vc_custom_heading text="Preface" font_container="tag:h3|text_align:left" use_theme_fonts="yes" css=".vc_custom_1474982802612{margin-top: 0px !important;}"][vc_column_text css=".vc_custom_1474982816034{margin-bottom: 15px !important;}"]If a Userguide is written, the introduction is about the product. In a report, the introduction gives a summary about the report contents.[/vc_column_text][/vc_column][/vc_row]]]></content:encoded>
			<excerpt:encoded><![CDATA[]]></excerpt:encoded>
			<wp:post_id>1</wp:post_id>
			<wp:post_date></wp:post_date>
			<wp:post_date_gmt></wp:post_date_gmt>
			<wp:comment_status><![CDATA[closed]]></wp:comment_status>
			<wp:ping_status><![CDATA[closed]]></wp:ping_status>
			<wp:post_name><![CDATA[Article Group]]></wp:post_name>
			<wp:status><![CDATA[publish]]></wp:status>
			<wp:post_parent>0</wp:post_parent>
			<wp:menu_order>0</wp:menu_order>
			<wp:post_type><![CDATA[vc4_templates]]></wp:post_type>
			<wp:post_password><![CDATA[]]></wp:post_password>
			<wp:is_sticky>0</wp:is_sticky>
			<wp:postmeta>
				<wp:meta_key><![CDATA[_vc4_templates-version]]></wp:meta_key>
				<wp:meta_value><![CDATA[1]]></wp:meta_value>
			</wp:postmeta>
			<wp:postmeta>
				<wp:meta_key><![CDATA[_vc4_templates-id]]></wp:meta_key>
				<wp:meta_value><![CDATA[b0cf6060-a131-11e6-9a8d-a79f9919f80b]]></wp:meta_value>
			</wp:postmeta>
		</item>
							<item>
						<title>06</title>
						<link></link>
						<pubDate></pubDate>
						<dc:creator><![CDATA[RaitisSevelis]]></dc:creator>
						<guid isPermaLink="false"></guid>
						<description></description>
						<content:encoded><![CDATA[]]></content:encoded>
						<excerpt:encoded><![CDATA[]]></excerpt:encoded>
						<wp:post_id>3263</wp:post_id>
						<wp:post_date><![CDATA[2016-10-04 08:32:41]]></wp:post_date>
						<wp:post_date_gmt><![CDATA[2016-10-04 08:32:41]]></wp:post_date_gmt>
						<wp:comment_status><![CDATA[open]]></wp:comment_status>
						<wp:ping_status><![CDATA[closed]]></wp:ping_status>
						<wp:post_name><![CDATA[06]]></wp:post_name>
						<wp:status><![CDATA[inherit]]></wp:status>
						<wp:post_parent>2602</wp:post_parent>
						<wp:menu_order>0</wp:menu_order>
						<wp:post_type><![CDATA[attachment]]></wp:post_type>
						<wp:post_password><![CDATA[]]></wp:post_password>
						<wp:is_sticky>0</wp:is_sticky>
													<wp:attachment_url><![CDATA[https://vc-cc-static.s3-us-west-2.amazonaws.com/templates/b0cf6060-a131-11e6-9a8d-a79f9919f80b/assets/article-group-3263.jpg]]></wp:attachment_url>
							<wp:attachment_real_url><![CDATA[http://localhost/wp-content/uploads/2015/09/06.jpg]]></wp:attachment_real_url>
																			<wp:postmeta>
								<wp:meta_key><![CDATA[_wp_attached_file]]></wp:meta_key>
								<wp:meta_value><![CDATA[2015/09/06.jpg]]></wp:meta_value>
							</wp:postmeta>
													<wp:postmeta>
								<wp:meta_key><![CDATA[_wp_attachment_metadata]]></wp:meta_key>
								<wp:meta_value><![CDATA[a:5:{s:5:"width";i:1280;s:6:"height";i:812;s:4:"file";s:14:"2015/09/06.jpg";s:5:"sizes";a:6:{s:9:"thumbnail";a:4:{s:4:"file";s:14:"06-150x150.jpg";s:5:"width";i:150;s:6:"height";i:150;s:9:"mime-type";s:10:"image/jpeg";}s:6:"medium";a:4:{s:4:"file";s:14:"06-300x190.jpg";s:5:"width";i:300;s:6:"height";i:190;s:9:"mime-type";s:10:"image/jpeg";}s:12:"medium_large";a:4:{s:4:"file";s:14:"06-768x487.jpg";s:5:"width";i:768;s:6:"height";i:487;s:9:"mime-type";s:10:"image/jpeg";}s:5:"large";a:4:{s:4:"file";s:15:"06-1024x650.jpg";s:5:"width";i:1024;s:6:"height";i:650;s:9:"mime-type";s:10:"image/jpeg";}s:17:"dazzling-featured";a:4:{s:4:"file";s:14:"06-730x410.jpg";s:5:"width";i:730;s:6:"height";i:410;s:9:"mime-type";s:10:"image/jpeg";}s:9:"tab-small";a:4:{s:4:"file";s:12:"06-60x60.jpg";s:5:"width";i:60;s:6:"height";i:60;s:9:"mime-type";s:10:"image/jpeg";}}s:10:"image_meta";a:12:{s:8:"aperture";s:1:"0";s:6:"credit";s:0:"";s:6:"camera";s:0:"";s:7:"caption";s:0:"";s:17:"created_timestamp";s:1:"0";s:9:"copyright";s:0:"";s:12:"focal_length";s:1:"0";s:3:"iso";s:1:"0";s:13:"shutter_speed";s:1:"0";s:5:"title";s:0:"";s:11:"orientation";s:1:"0";s:8:"keywords";a:0:{}}}]]></wp:meta_value>
							</wp:postmeta>
											</item>
						</channel>
</rss>