<?xml version="1.0" encoding="UTF-8" ?><!-- This is a WordPress eXtended RSS file generated by WordPress as an export of your site. -->
<!-- It contains information about your site's posts, pages, comments, categories, and other content. -->
<!-- You may use this file to transfer that content from one site to another. -->
<!-- This file is not intended to serve as a complete backup of your site. -->

<!-- To import this information into a WordPress site follow these steps: -->
<!-- 1. Log in to that site as an administrator. -->
<!-- 2. Go to Tools: Import in the WordPress admin panel. -->
<!-- 3. Install the "WordPress" importer from the list. -->
<!-- 4. Activate & Run Importer. -->
<!-- 5. Upload this file using the form provided on that page. -->
<!-- 6. You will first be asked to map the authors in this export file to users -->
<!--    on the site. For each author, you may choose to map to an -->
<!--    existing user on the site or to create a new user. -->
<!-- 7. WordPress will then import each of the posts, pages, comments, categories, etc. -->
<!--    contained in this file into your site. -->
<!-- generator="WordPress/4.7.4" created="2017-04-28 11:48" -->
<rss version="2.0"
	xmlns:excerpt="http://wordpress.org/export/1.2/excerpt/"
	xmlns:content="http://purl.org/rss/1.0/modules/content/"
	xmlns:wfw="http://wellformedweb.org/CommentAPI/"
	xmlns:dc="http://purl.org/dc/elements/1.1/"
	xmlns:wp="http://wordpress.org/export/1.2/"
>

	<channel>
		<title>Rocky</title>
		<link>http://localhost</link>
		<description>Fun and Test</description>
		<pubDate>Fri, 28 Apr 2017 11:48:32 +0000</pubDate>
		<language>en-US</language>
		<wp:wxr_version>1.2</wp:wxr_version>
		<wp:base_site_url>http://localhost</wp:base_site_url>
		<wp:base_blog_url>http://localhost</wp:base_blog_url>

		<item>
			<title><![CDATA[Section With Articles]]></title>
			<link></link>
			<pubDate></pubDate>
			<dc:creator><![CDATA[admin]]></dc:creator>
			<guid isPermaLink="false">http://vc4.dev/?post_type=vc4_templates&amp;p=6</guid>
			<description/>
			<content:encoded><![CDATA[[vc_row full_width="stretch_row" equal_height="yes" css=".vc_custom_1493379474981{padding-top: 35px !important;padding-bottom: 35px !important;background-image: url(http://localhost/wp-content/uploads/2016/11/01-banana-image.jpg?id=3702) !important;background-position: center !important;background-repeat: no-repeat !important;background-size: cover !important;}"][vc_column width="1/2" css=".vc_custom_1493376887156{background-color: rgba(255,255,255,0.9) !important;background-position: center !important;background-repeat: no-repeat !important;background-size: cover !important;*background-color: rgb(255,255,255) !important;}"][vc_custom_heading text="LEAN MOVEMENT" font_container="tag:h2|font_size:40|text_align:center|color:%2321a6ce" google_fonts="font_family:Text%20Me%20One%3Aregular|font_style:400%20regular%3A400%3Anormal" css=".vc_custom_1493377405908{padding-top: 50px !important;padding-right: 50px !important;padding-left: 50px !important;}"][vc_column_text css=".vc_custom_1493377257239{padding-right: 50px !important;padding-left: 50px !important;}"]<p style="text-align: center;">Some areas, such as Hong Kong, have preferred to shape their policy around a tighter focus on copyright ownership in the value chain. They adopt the WIPO's classifications, which divide up the creative industries according to who owns the copyrights at various stages during the production and distribution of creative content.</p>[/vc_column_text][vc_btn title="Read More" style="custom" custom_background="#21a6ce" custom_text="#ffffff" shape="square" align="center" css=".vc_custom_1493376960920{padding-bottom: 50px !important;}"][/vc_column][vc_column width="1/2"][/vc_column][vc_column width="1/2"][/vc_column][vc_column width="1/2" css=".vc_custom_1493377028647{background-color: rgba(255,255,255,0.9) !important;*background-color: rgb(255,255,255) !important;}"][vc_custom_heading text="DIGITAL INDUSTRY" font_container="tag:h2|font_size:40|text_align:center|color:%2321a6ce" google_fonts="font_family:Text%20Me%20One%3Aregular|font_style:400%20regular%3A400%3Anormal" css=".vc_custom_1493377397402{padding-top: 50px !important;padding-right: 50px !important;padding-left: 50px !important;}"][vc_column_text css=".vc_custom_1493377282800{padding-right: 50px !important;padding-left: 50px !important;}"]<p style="text-align: center;">The primary purpose of this is to quantify - for example it can be used to count the number of firms, and the number of workers, creatively employed in any given location, and hence to identify places with particularly high concentrations of creative activities.</p>[/vc_column_text][vc_btn title="Read More" style="custom" custom_background="#21a6ce" custom_text="#ffffff" shape="square" align="center" css=".vc_custom_1493376960920{padding-bottom: 50px !important;}"][/vc_column][vc_column width="1/2" css=".vc_custom_1493377013202{background-color: rgba(255,255,255,0.9) !important;*background-color: rgb(255,255,255) !important;}"][vc_custom_heading text="CREATIVE CULTURE" font_container="tag:h2|font_size:40|text_align:center|color:%2321a6ce" google_fonts="font_family:Text%20Me%20One%3Aregular|font_style:400%20regular%3A400%3Anormal" css=".vc_custom_1493377379334{padding-top: 50px !important;padding-right: 50px !important;padding-left: 50px !important;}"][vc_column_text css=".vc_custom_1493377305929{padding-right: 50px !important;padding-left: 50px !important;}"]<p style="text-align: center;">There is often a question about the boundaries between creative industries and the similar term of cultural industries. Cultural industries are best described as an adjunct-sector of the creative industries.</p>[/vc_column_text][vc_btn title="Read More" style="custom" custom_background="#21a6ce" custom_text="#ffffff" shape="square" align="center" css=".vc_custom_1493376960920{padding-bottom: 50px !important;}"][/vc_column][vc_column width="1/2"][/vc_column][vc_column width="1/2"][/vc_column][vc_column width="1/2" css=".vc_custom_1493376985301{background-color: rgba(255,255,255,0.9) !important;*background-color: rgb(255,255,255) !important;}"][vc_custom_heading text="HOST A CONFERENCE" font_container="tag:h2|font_size:40|text_align:center|color:%2321a6ce" google_fonts="font_family:Text%20Me%20One%3Aregular|font_style:400%20regular%3A400%3Anormal" css=".vc_custom_1493377420656{padding-top: 50px !important;padding-right: 50px !important;padding-left: 50px !important;}"][vc_column_text css=".vc_custom_1493377320712{padding-right: 50px !important;padding-left: 50px !important;}"]<p style="text-align: center;">Cultural industries include industries that focus on cultural tourism and heritage, museums and libraries, sports and outdoor activities, and a variety of 'way of life' activities that arguably range from local pet shows to a host of hobbyist concerns.</p>[/vc_column_text][vc_btn title="Read More" style="custom" custom_background="#21a6ce" custom_text="#ffffff" shape="square" align="center" css=".vc_custom_1493376960920{padding-bottom: 50px !important;}"][/vc_column][/vc_row]]]></content:encoded>
			<excerpt:encoded><![CDATA[]]></excerpt:encoded>
			<wp:post_id>1</wp:post_id>
			<wp:post_date></wp:post_date>
			<wp:post_date_gmt></wp:post_date_gmt>
			<wp:comment_status><![CDATA[closed]]></wp:comment_status>
			<wp:ping_status><![CDATA[closed]]></wp:ping_status>
			<wp:post_name><![CDATA[Section With Articles]]></wp:post_name>
			<wp:status><![CDATA[publish]]></wp:status>
			<wp:post_parent>0</wp:post_parent>
			<wp:menu_order>0</wp:menu_order>
			<wp:post_type><![CDATA[vc4_templates]]></wp:post_type>
			<wp:post_password><![CDATA[]]></wp:post_password>
			<wp:is_sticky>0</wp:is_sticky>
			<wp:postmeta>
				<wp:meta_key><![CDATA[_vc4_templates-version]]></wp:meta_key>
				<wp:meta_value><![CDATA[1]]></wp:meta_value>
			</wp:postmeta>
			<wp:postmeta>
				<wp:meta_key><![CDATA[_vc4_templates-id]]></wp:meta_key>
				<wp:meta_value><![CDATA[b4216b30-2c08-11e7-b124-77fd60fa9d43]]></wp:meta_value>
			</wp:postmeta>
		</item>
							<item>
						<title>01-banana-image</title>
						<link></link>
						<pubDate></pubDate>
						<dc:creator><![CDATA[RaitisSevelis]]></dc:creator>
						<guid isPermaLink="false"></guid>
						<description></description>
						<content:encoded><![CDATA[]]></content:encoded>
						<excerpt:encoded><![CDATA[]]></excerpt:encoded>
						<wp:post_id>3702</wp:post_id>
						<wp:post_date><![CDATA[2017-04-28 10:53:41]]></wp:post_date>
						<wp:post_date_gmt><![CDATA[2017-04-28 10:53:41]]></wp:post_date_gmt>
						<wp:comment_status><![CDATA[open]]></wp:comment_status>
						<wp:ping_status><![CDATA[closed]]></wp:ping_status>
						<wp:post_name><![CDATA[01-banana-image]]></wp:post_name>
						<wp:status><![CDATA[inherit]]></wp:status>
						<wp:post_parent>3498</wp:post_parent>
						<wp:menu_order>0</wp:menu_order>
						<wp:post_type><![CDATA[attachment]]></wp:post_type>
						<wp:post_password><![CDATA[]]></wp:post_password>
						<wp:is_sticky>0</wp:is_sticky>
													<wp:attachment_url><![CDATA[https://vc-cc-static.s3-us-west-2.amazonaws.com/templates/b4216b30-2c08-11e7-b124-77fd60fa9d43/assets/section-with-articles-3702.jpg]]></wp:attachment_url>
							<wp:attachment_real_url><![CDATA[http://localhost/wp-content/uploads/2016/11/01-banana-image.jpg]]></wp:attachment_real_url>
																			<wp:postmeta>
								<wp:meta_key><![CDATA[_wp_attached_file]]></wp:meta_key>
								<wp:meta_value><![CDATA[2016/11/01-banana-image.jpg]]></wp:meta_value>
							</wp:postmeta>
													<wp:postmeta>
								<wp:meta_key><![CDATA[_wp_attachment_metadata]]></wp:meta_key>
								<wp:meta_value><![CDATA[a:5:{s:5:"width";i:1200;s:6:"height";i:1400;s:4:"file";s:27:"2016/11/01-banana-image.jpg";s:5:"sizes";a:7:{s:9:"thumbnail";a:4:{s:4:"file";s:27:"01-banana-image-150x150.jpg";s:5:"width";i:150;s:6:"height";i:150;s:9:"mime-type";s:10:"image/jpeg";}s:6:"medium";a:4:{s:4:"file";s:27:"01-banana-image-257x300.jpg";s:5:"width";i:257;s:6:"height";i:300;s:9:"mime-type";s:10:"image/jpeg";}s:12:"medium_large";a:4:{s:4:"file";s:27:"01-banana-image-768x896.jpg";s:5:"width";i:768;s:6:"height";i:896;s:9:"mime-type";s:10:"image/jpeg";}s:5:"large";a:4:{s:4:"file";s:28:"01-banana-image-878x1024.jpg";s:5:"width";i:878;s:6:"height";i:1024;s:9:"mime-type";s:10:"image/jpeg";}s:14:"shop_thumbnail";a:4:{s:4:"file";s:27:"01-banana-image-120x140.jpg";s:5:"width";i:120;s:6:"height";i:140;s:9:"mime-type";s:10:"image/jpeg";}s:12:"shop_catalog";a:4:{s:4:"file";s:27:"01-banana-image-500x583.jpg";s:5:"width";i:500;s:6:"height";i:583;s:9:"mime-type";s:10:"image/jpeg";}s:11:"shop_single";a:4:{s:4:"file";s:27:"01-banana-image-500x583.jpg";s:5:"width";i:500;s:6:"height";i:583;s:9:"mime-type";s:10:"image/jpeg";}}s:10:"image_meta";a:12:{s:8:"aperture";s:1:"0";s:6:"credit";s:0:"";s:6:"camera";s:0:"";s:7:"caption";s:0:"";s:17:"created_timestamp";s:1:"0";s:9:"copyright";s:13:"Rawpixel Ltd.";s:12:"focal_length";s:1:"0";s:3:"iso";s:1:"0";s:13:"shutter_speed";s:1:"0";s:5:"title";s:0:"";s:11:"orientation";s:1:"0";s:8:"keywords";a:0:{}}}]]></wp:meta_value>
							</wp:postmeta>
											</item>
						</channel>
</rss>