<?xml version="1.0" encoding="UTF-8" ?><!-- This is a WordPress eXtended RSS file generated by WordPress as an export of your site. -->
<!-- It contains information about your site's posts, pages, comments, categories, and other content. -->
<!-- You may use this file to transfer that content from one site to another. -->
<!-- This file is not intended to serve as a complete backup of your site. -->

<!-- To import this information into a WordPress site follow these steps: -->
<!-- 1. Log in to that site as an administrator. -->
<!-- 2. Go to Tools: Import in the WordPress admin panel. -->
<!-- 3. Install the "WordPress" importer from the list. -->
<!-- 4. Activate & Run Importer. -->
<!-- 5. Upload this file using the form provided on that page. -->
<!-- 6. You will first be asked to map the authors in this export file to users -->
<!--    on the site. For each author, you may choose to map to an -->
<!--    existing user on the site or to create a new user. -->
<!-- 7. WordPress will then import each of the posts, pages, comments, categories, etc. -->
<!--    contained in this file into your site. -->
<!-- generator="WordPress/4.6.1" created="2016-11-02 15:23" -->
<rss version="2.0"
	xmlns:excerpt="http://wordpress.org/export/1.2/excerpt/"
	xmlns:content="http://purl.org/rss/1.0/modules/content/"
	xmlns:wfw="http://wellformedweb.org/CommentAPI/"
	xmlns:dc="http://purl.org/dc/elements/1.1/"
	xmlns:wp="http://wordpress.org/export/1.2/"
>

	<channel>
		<title>WPBakery</title>
		<link>http://localhost</link>
		<description>Fun and Test</description>
		<pubDate>Wed, 02 Nov 2016 15:23:46 +0000</pubDate>
		<language>en-US</language>
		<wp:wxr_version>1.2</wp:wxr_version>
		<wp:base_site_url>http://localhost</wp:base_site_url>
		<wp:base_blog_url>http://localhost</wp:base_blog_url>

		<item>
			<title><![CDATA[Hero Section Divided]]></title>
			<link></link>
			<pubDate></pubDate>
			<dc:creator><![CDATA[admin]]></dc:creator>
			<guid isPermaLink="false">http://vc4.dev/?post_type=vc4_templates&amp;p=6</guid>
			<description/>
			<content:encoded><![CDATA[[vc_row gap="25" equal_height="yes" css=".vc_custom_1476098174653{margin-bottom: 25px !important;}"][vc_column width="1/2" css=".vc_custom_1476098154825{padding-top: 100px !important;padding-right: 50px !important;padding-bottom: 100px !important;padding-left: 50px !important;background-color: #353f56 !important;}"][vc_custom_heading text="SAILING" font_container="tag:h1|font_size:40|text_align:center|color:%23ffffff" use_theme_fonts="yes" css=".vc_custom_1476098090589{padding-bottom: 10px !important;}"][vc_column_text]<p style="text-align: center;"><span style="color: #ffffff;">Modern designs tend to have a very wide beam and a flat bottom aft, to provide buoyancy preventing an excessive heel angle and to promote surfing and planing.</span></p>[/vc_column_text][/vc_column][vc_column width="1/2" css=".vc_custom_1476098128073{background-image: url(http://localhost/wp-content/uploads/2015/09/01-23.jpg?id=3306) !important;background-position: center !important;background-repeat: no-repeat !important;background-size: cover !important;}"][/vc_column][/vc_row][vc_row gap="25" equal_height="yes"][vc_column width="1/2" css=".vc_custom_1476098381244{background-image: url(http://localhost/wp-content/uploads/2015/09/02-15.jpg?id=3307) !important;background-position: center !important;background-repeat: no-repeat !important;background-size: cover !important;}"][/vc_column][vc_column width="1/2" css=".vc_custom_1476098154825{padding-top: 100px !important;padding-right: 50px !important;padding-bottom: 100px !important;padding-left: 50px !important;background-color: #353f56 !important;}"][vc_custom_heading text="FISHING" font_container="tag:h1|font_size:40|text_align:center|color:%23ffffff" use_theme_fonts="yes" css=".vc_custom_1476098184470{padding-bottom: 10px !important;}"][vc_column_text]<p style="text-align: center;"><span style="color: #ffffff;">Both these stiffen the yacht and allow more sail to be carried in stronger winds. Depending on the type of race, such a yacht may have a crew of 15 or more. </span></p>[/vc_column_text][/vc_column][/vc_row]]]></content:encoded>
			<excerpt:encoded><![CDATA[]]></excerpt:encoded>
			<wp:post_id>1</wp:post_id>
			<wp:post_date></wp:post_date>
			<wp:post_date_gmt></wp:post_date_gmt>
			<wp:comment_status><![CDATA[closed]]></wp:comment_status>
			<wp:ping_status><![CDATA[closed]]></wp:ping_status>
			<wp:post_name><![CDATA[Hero Section Divided]]></wp:post_name>
			<wp:status><![CDATA[publish]]></wp:status>
			<wp:post_parent>0</wp:post_parent>
			<wp:menu_order>0</wp:menu_order>
			<wp:post_type><![CDATA[vc4_templates]]></wp:post_type>
			<wp:post_password><![CDATA[]]></wp:post_password>
			<wp:is_sticky>0</wp:is_sticky>
			<wp:postmeta>
				<wp:meta_key><![CDATA[_vc4_templates-version]]></wp:meta_key>
				<wp:meta_value><![CDATA[1]]></wp:meta_value>
			</wp:postmeta>
			<wp:postmeta>
				<wp:meta_key><![CDATA[_vc4_templates-id]]></wp:meta_key>
				<wp:meta_value><![CDATA[bafb8130-a132-11e6-96a4-07f6c4212b92]]></wp:meta_value>
			</wp:postmeta>
		</item>
							<item>
						<title>01</title>
						<link></link>
						<pubDate></pubDate>
						<dc:creator><![CDATA[RaitisSevelis]]></dc:creator>
						<guid isPermaLink="false"></guid>
						<description></description>
						<content:encoded><![CDATA[]]></content:encoded>
						<excerpt:encoded><![CDATA[]]></excerpt:encoded>
						<wp:post_id>3306</wp:post_id>
						<wp:post_date><![CDATA[2016-10-10 11:15:22]]></wp:post_date>
						<wp:post_date_gmt><![CDATA[2016-10-10 11:15:22]]></wp:post_date_gmt>
						<wp:comment_status><![CDATA[open]]></wp:comment_status>
						<wp:ping_status><![CDATA[closed]]></wp:ping_status>
						<wp:post_name><![CDATA[01-24]]></wp:post_name>
						<wp:status><![CDATA[inherit]]></wp:status>
						<wp:post_parent>2602</wp:post_parent>
						<wp:menu_order>0</wp:menu_order>
						<wp:post_type><![CDATA[attachment]]></wp:post_type>
						<wp:post_password><![CDATA[]]></wp:post_password>
						<wp:is_sticky>0</wp:is_sticky>
													<wp:attachment_url><![CDATA[https://vc-cc-static.s3-us-west-2.amazonaws.com/templates/bafb8130-a132-11e6-96a4-07f6c4212b92/assets/hero-section-divided-3306.jpg]]></wp:attachment_url>
							<wp:attachment_real_url><![CDATA[http://localhost/wp-content/uploads/2015/09/01-23.jpg]]></wp:attachment_real_url>
																			<wp:postmeta>
								<wp:meta_key><![CDATA[_wp_attached_file]]></wp:meta_key>
								<wp:meta_value><![CDATA[2015/09/01-23.jpg]]></wp:meta_value>
							</wp:postmeta>
													<wp:postmeta>
								<wp:meta_key><![CDATA[_wp_attachment_metadata]]></wp:meta_key>
								<wp:meta_value><![CDATA[a:5:{s:5:"width";i:900;s:6:"height";i:600;s:4:"file";s:17:"2015/09/01-23.jpg";s:5:"sizes";a:5:{s:9:"thumbnail";a:4:{s:4:"file";s:17:"01-23-150x150.jpg";s:5:"width";i:150;s:6:"height";i:150;s:9:"mime-type";s:10:"image/jpeg";}s:6:"medium";a:4:{s:4:"file";s:17:"01-23-300x200.jpg";s:5:"width";i:300;s:6:"height";i:200;s:9:"mime-type";s:10:"image/jpeg";}s:12:"medium_large";a:4:{s:4:"file";s:17:"01-23-768x512.jpg";s:5:"width";i:768;s:6:"height";i:512;s:9:"mime-type";s:10:"image/jpeg";}s:17:"dazzling-featured";a:4:{s:4:"file";s:17:"01-23-730x410.jpg";s:5:"width";i:730;s:6:"height";i:410;s:9:"mime-type";s:10:"image/jpeg";}s:9:"tab-small";a:4:{s:4:"file";s:15:"01-23-60x60.jpg";s:5:"width";i:60;s:6:"height";i:60;s:9:"mime-type";s:10:"image/jpeg";}}s:10:"image_meta";a:12:{s:8:"aperture";s:1:"0";s:6:"credit";s:0:"";s:6:"camera";s:0:"";s:7:"caption";s:0:"";s:17:"created_timestamp";s:1:"0";s:9:"copyright";s:0:"";s:12:"focal_length";s:1:"0";s:3:"iso";s:1:"0";s:13:"shutter_speed";s:1:"0";s:5:"title";s:0:"";s:11:"orientation";s:1:"0";s:8:"keywords";a:0:{}}}]]></wp:meta_value>
							</wp:postmeta>
											</item>
										<item>
						<title>02</title>
						<link></link>
						<pubDate></pubDate>
						<dc:creator><![CDATA[RaitisSevelis]]></dc:creator>
						<guid isPermaLink="false"></guid>
						<description></description>
						<content:encoded><![CDATA[]]></content:encoded>
						<excerpt:encoded><![CDATA[]]></excerpt:encoded>
						<wp:post_id>3307</wp:post_id>
						<wp:post_date><![CDATA[2016-10-10 11:19:38]]></wp:post_date>
						<wp:post_date_gmt><![CDATA[2016-10-10 11:19:38]]></wp:post_date_gmt>
						<wp:comment_status><![CDATA[open]]></wp:comment_status>
						<wp:ping_status><![CDATA[closed]]></wp:ping_status>
						<wp:post_name><![CDATA[02-16]]></wp:post_name>
						<wp:status><![CDATA[inherit]]></wp:status>
						<wp:post_parent>2602</wp:post_parent>
						<wp:menu_order>0</wp:menu_order>
						<wp:post_type><![CDATA[attachment]]></wp:post_type>
						<wp:post_password><![CDATA[]]></wp:post_password>
						<wp:is_sticky>0</wp:is_sticky>
													<wp:attachment_url><![CDATA[https://vc-cc-static.s3-us-west-2.amazonaws.com/templates/bafb8130-a132-11e6-96a4-07f6c4212b92/assets/hero-section-divided-3307.jpg]]></wp:attachment_url>
							<wp:attachment_real_url><![CDATA[http://localhost/wp-content/uploads/2015/09/02-15.jpg]]></wp:attachment_real_url>
																			<wp:postmeta>
								<wp:meta_key><![CDATA[_wp_attached_file]]></wp:meta_key>
								<wp:meta_value><![CDATA[2015/09/02-15.jpg]]></wp:meta_value>
							</wp:postmeta>
													<wp:postmeta>
								<wp:meta_key><![CDATA[_wp_attachment_metadata]]></wp:meta_key>
								<wp:meta_value><![CDATA[a:5:{s:5:"width";i:900;s:6:"height";i:600;s:4:"file";s:17:"2015/09/02-15.jpg";s:5:"sizes";a:5:{s:9:"thumbnail";a:4:{s:4:"file";s:17:"02-15-150x150.jpg";s:5:"width";i:150;s:6:"height";i:150;s:9:"mime-type";s:10:"image/jpeg";}s:6:"medium";a:4:{s:4:"file";s:17:"02-15-300x200.jpg";s:5:"width";i:300;s:6:"height";i:200;s:9:"mime-type";s:10:"image/jpeg";}s:12:"medium_large";a:4:{s:4:"file";s:17:"02-15-768x512.jpg";s:5:"width";i:768;s:6:"height";i:512;s:9:"mime-type";s:10:"image/jpeg";}s:17:"dazzling-featured";a:4:{s:4:"file";s:17:"02-15-730x410.jpg";s:5:"width";i:730;s:6:"height";i:410;s:9:"mime-type";s:10:"image/jpeg";}s:9:"tab-small";a:4:{s:4:"file";s:15:"02-15-60x60.jpg";s:5:"width";i:60;s:6:"height";i:60;s:9:"mime-type";s:10:"image/jpeg";}}s:10:"image_meta";a:12:{s:8:"aperture";s:1:"0";s:6:"credit";s:0:"";s:6:"camera";s:0:"";s:7:"caption";s:0:"";s:17:"created_timestamp";s:1:"0";s:9:"copyright";s:0:"";s:12:"focal_length";s:1:"0";s:3:"iso";s:1:"0";s:13:"shutter_speed";s:1:"0";s:5:"title";s:0:"";s:11:"orientation";s:1:"0";s:8:"keywords";a:0:{}}}]]></wp:meta_value>
							</wp:postmeta>
											</item>
						</channel>
</rss>