<?xml version="1.0" encoding="UTF-8" ?><!-- This is a WordPress eXtended RSS file generated by WordPress as an export of your site. -->
<!-- It contains information about your site's posts, pages, comments, categories, and other content. -->
<!-- You may use this file to transfer that content from one site to another. -->
<!-- This file is not intended to serve as a complete backup of your site. -->

<!-- To import this information into a WordPress site follow these steps: -->
<!-- 1. Log in to that site as an administrator. -->
<!-- 2. Go to Tools: Import in the WordPress admin panel. -->
<!-- 3. Install the "WordPress" importer from the list. -->
<!-- 4. Activate & Run Importer. -->
<!-- 5. Upload this file using the form provided on that page. -->
<!-- 6. You will first be asked to map the authors in this export file to users -->
<!--    on the site. For each author, you may choose to map to an -->
<!--    existing user on the site or to create a new user. -->
<!-- 7. WordPress will then import each of the posts, pages, comments, categories, etc. -->
<!--    contained in this file into your site. -->
<!-- generator="WordPress/4.7" created="2016-12-22 08:57" -->
<rss version="2.0"
	xmlns:excerpt="http://wordpress.org/export/1.2/excerpt/"
	xmlns:content="http://purl.org/rss/1.0/modules/content/"
	xmlns:wfw="http://wellformedweb.org/CommentAPI/"
	xmlns:dc="http://purl.org/dc/elements/1.1/"
	xmlns:wp="http://wordpress.org/export/1.2/"
>

	<channel>
		<title>WPBakery</title>
		<link>http://localhost</link>
		<description>Fun and Test</description>
		<pubDate>Thu, 22 Dec 2016 08:57:36 +0000</pubDate>
		<language>en-US</language>
		<wp:wxr_version>1.2</wp:wxr_version>
		<wp:base_site_url>http://localhost</wp:base_site_url>
		<wp:base_blog_url>http://localhost</wp:base_blog_url>

		<item>
			<title><![CDATA[Four News Block]]></title>
			<link></link>
			<pubDate></pubDate>
			<dc:creator><![CDATA[admin]]></dc:creator>
			<guid isPermaLink="false">http://vc4.dev/?post_type=vc4_templates&amp;p=6</guid>
			<description/>
			<content:encoded><![CDATA[[vc_row][vc_column width="1/4"][vc_single_image image="3469" img_size="full"][vc_custom_heading text="Art & Portfolio" use_theme_fonts="yes" css=".vc_custom_1482333882267{padding-right: 35px !important;padding-left: 35px !important;}"][vc_column_text css=".vc_custom_1482333955495{padding-right: 35px !important;padding-left: 35px !important;}"]<p style="text-align: left;">Often, if the skill is being used in a common or practical way, people will consider it a craft instead of art.</p>[/vc_column_text][/vc_column][vc_column width="1/4"][/vc_column][vc_column width="1/4"][vc_single_image image="3273" img_size="full"][vc_custom_heading text="Lifestyle Album" use_theme_fonts="yes" css=".vc_custom_1482333913993{padding-right: 35px !important;padding-left: 35px !important;}"][vc_column_text css=".vc_custom_1482333981527{padding-right: 35px !important;padding-left: 35px !important;}"]<p style="text-align: left;">Likewise, if the skill is being used in a commercial or industrial way, it may be considered commercial art instead of fine art.</p>[/vc_column_text][/vc_column][vc_column width="1/4"][/vc_column][/vc_row][vc_row][vc_column width="1/4"][/vc_column][vc_column width="1/4"][vc_single_image image="3261" img_size="full"][vc_custom_heading text="City Life" use_theme_fonts="yes" css=".vc_custom_1482334040105{padding-right: 35px !important;padding-left: 35px !important;}"][vc_column_text css=".vc_custom_1482334104197{padding-right: 35px !important;padding-left: 35px !important;}"]<p style="text-align: left;">An art form is the specific shape, or quality an artistic expression takes.</p>[/vc_column_text][/vc_column][vc_column width="1/4"][/vc_column][vc_column width="1/4"][vc_single_image image="3293" img_size="full"][vc_custom_heading text="Sweets & Books" use_theme_fonts="yes" css=".vc_custom_1482334061414{padding-right: 35px !important;padding-left: 35px !important;}"][vc_column_text css=".vc_custom_1482334114652{padding-right: 35px !important;padding-left: 35px !important;}"]<p style="text-align: left;">The formal qualities of video games are non-linearity, interactivity and virtual presence.</p>[/vc_column_text][/vc_column][/vc_row]]]></content:encoded>
			<excerpt:encoded><![CDATA[]]></excerpt:encoded>
			<wp:post_id>1</wp:post_id>
			<wp:post_date></wp:post_date>
			<wp:post_date_gmt></wp:post_date_gmt>
			<wp:comment_status><![CDATA[closed]]></wp:comment_status>
			<wp:ping_status><![CDATA[closed]]></wp:ping_status>
			<wp:post_name><![CDATA[Four News Block]]></wp:post_name>
			<wp:status><![CDATA[publish]]></wp:status>
			<wp:post_parent>0</wp:post_parent>
			<wp:menu_order>0</wp:menu_order>
			<wp:post_type><![CDATA[vc4_templates]]></wp:post_type>
			<wp:post_password><![CDATA[]]></wp:post_password>
			<wp:is_sticky>0</wp:is_sticky>
			<wp:postmeta>
				<wp:meta_key><![CDATA[_vc4_templates-version]]></wp:meta_key>
				<wp:meta_value><![CDATA[1]]></wp:meta_value>
			</wp:postmeta>
			<wp:postmeta>
				<wp:meta_key><![CDATA[_vc4_templates-id]]></wp:meta_key>
				<wp:meta_value><![CDATA[c036cd30-c824-11e6-bb20-49050579cd80]]></wp:meta_value>
			</wp:postmeta>
		</item>
							<item>
						<title>02</title>
						<link></link>
						<pubDate></pubDate>
						<dc:creator><![CDATA[RaitisSevelis]]></dc:creator>
						<guid isPermaLink="false"></guid>
						<description></description>
						<content:encoded><![CDATA[]]></content:encoded>
						<excerpt:encoded><![CDATA[]]></excerpt:encoded>
						<wp:post_id>3261</wp:post_id>
						<wp:post_date><![CDATA[2016-10-04 08:30:07]]></wp:post_date>
						<wp:post_date_gmt><![CDATA[2016-10-04 08:30:07]]></wp:post_date_gmt>
						<wp:comment_status><![CDATA[open]]></wp:comment_status>
						<wp:ping_status><![CDATA[closed]]></wp:ping_status>
						<wp:post_name><![CDATA[02-4]]></wp:post_name>
						<wp:status><![CDATA[inherit]]></wp:status>
						<wp:post_parent>2602</wp:post_parent>
						<wp:menu_order>0</wp:menu_order>
						<wp:post_type><![CDATA[attachment]]></wp:post_type>
						<wp:post_password><![CDATA[]]></wp:post_password>
						<wp:is_sticky>0</wp:is_sticky>
													<wp:attachment_url><![CDATA[https://vc-cc-static.s3-us-west-2.amazonaws.com/templates/c036cd30-c824-11e6-bb20-49050579cd80/assets/four-news-block-3261.jpg]]></wp:attachment_url>
							<wp:attachment_real_url><![CDATA[http://localhost/wp-content/uploads/2015/09/02-3.jpg]]></wp:attachment_real_url>
																			<wp:postmeta>
								<wp:meta_key><![CDATA[_wp_attached_file]]></wp:meta_key>
								<wp:meta_value><![CDATA[2015/09/02-3.jpg]]></wp:meta_value>
							</wp:postmeta>
													<wp:postmeta>
								<wp:meta_key><![CDATA[_wp_attachment_metadata]]></wp:meta_key>
								<wp:meta_value><![CDATA[a:5:{s:5:"width";i:800;s:6:"height";i:600;s:4:"file";s:16:"2015/09/02-3.jpg";s:5:"sizes";a:5:{s:9:"thumbnail";a:4:{s:4:"file";s:16:"02-3-150x150.jpg";s:5:"width";i:150;s:6:"height";i:150;s:9:"mime-type";s:10:"image/jpeg";}s:6:"medium";a:4:{s:4:"file";s:16:"02-3-300x225.jpg";s:5:"width";i:300;s:6:"height";i:225;s:9:"mime-type";s:10:"image/jpeg";}s:12:"medium_large";a:4:{s:4:"file";s:16:"02-3-768x576.jpg";s:5:"width";i:768;s:6:"height";i:576;s:9:"mime-type";s:10:"image/jpeg";}s:17:"dazzling-featured";a:4:{s:4:"file";s:16:"02-3-730x410.jpg";s:5:"width";i:730;s:6:"height";i:410;s:9:"mime-type";s:10:"image/jpeg";}s:9:"tab-small";a:4:{s:4:"file";s:14:"02-3-60x60.jpg";s:5:"width";i:60;s:6:"height";i:60;s:9:"mime-type";s:10:"image/jpeg";}}s:10:"image_meta";a:12:{s:8:"aperture";s:1:"0";s:6:"credit";s:0:"";s:6:"camera";s:0:"";s:7:"caption";s:0:"";s:17:"created_timestamp";s:1:"0";s:9:"copyright";s:0:"";s:12:"focal_length";s:1:"0";s:3:"iso";s:1:"0";s:13:"shutter_speed";s:1:"0";s:5:"title";s:0:"";s:11:"orientation";s:1:"0";s:8:"keywords";a:0:{}}}]]></wp:meta_value>
							</wp:postmeta>
											</item>
										<item>
						<title>01</title>
						<link></link>
						<pubDate></pubDate>
						<dc:creator><![CDATA[RaitisSevelis]]></dc:creator>
						<guid isPermaLink="false"></guid>
						<description></description>
						<content:encoded><![CDATA[]]></content:encoded>
						<excerpt:encoded><![CDATA[]]></excerpt:encoded>
						<wp:post_id>3273</wp:post_id>
						<wp:post_date><![CDATA[2016-10-04 08:38:44]]></wp:post_date>
						<wp:post_date_gmt><![CDATA[2016-10-04 08:38:44]]></wp:post_date_gmt>
						<wp:comment_status><![CDATA[open]]></wp:comment_status>
						<wp:ping_status><![CDATA[closed]]></wp:ping_status>
						<wp:post_name><![CDATA[01-11]]></wp:post_name>
						<wp:status><![CDATA[inherit]]></wp:status>
						<wp:post_parent>2602</wp:post_parent>
						<wp:menu_order>0</wp:menu_order>
						<wp:post_type><![CDATA[attachment]]></wp:post_type>
						<wp:post_password><![CDATA[]]></wp:post_password>
						<wp:is_sticky>0</wp:is_sticky>
													<wp:attachment_url><![CDATA[https://vc-cc-static.s3-us-west-2.amazonaws.com/templates/c036cd30-c824-11e6-bb20-49050579cd80/assets/four-news-block-3273.jpg]]></wp:attachment_url>
							<wp:attachment_real_url><![CDATA[http://localhost/wp-content/uploads/2015/09/01-10.jpg]]></wp:attachment_real_url>
																			<wp:postmeta>
								<wp:meta_key><![CDATA[_wp_attached_file]]></wp:meta_key>
								<wp:meta_value><![CDATA[2015/09/01-10.jpg]]></wp:meta_value>
							</wp:postmeta>
													<wp:postmeta>
								<wp:meta_key><![CDATA[_wp_attachment_metadata]]></wp:meta_key>
								<wp:meta_value><![CDATA[a:5:{s:5:"width";i:400;s:6:"height";i:600;s:4:"file";s:17:"2015/09/01-10.jpg";s:5:"sizes";a:4:{s:9:"thumbnail";a:4:{s:4:"file";s:17:"01-10-150x150.jpg";s:5:"width";i:150;s:6:"height";i:150;s:9:"mime-type";s:10:"image/jpeg";}s:6:"medium";a:4:{s:4:"file";s:17:"01-10-200x300.jpg";s:5:"width";i:200;s:6:"height";i:300;s:9:"mime-type";s:10:"image/jpeg";}s:17:"dazzling-featured";a:4:{s:4:"file";s:17:"01-10-400x410.jpg";s:5:"width";i:400;s:6:"height";i:410;s:9:"mime-type";s:10:"image/jpeg";}s:9:"tab-small";a:4:{s:4:"file";s:15:"01-10-60x60.jpg";s:5:"width";i:60;s:6:"height";i:60;s:9:"mime-type";s:10:"image/jpeg";}}s:10:"image_meta";a:12:{s:8:"aperture";s:1:"0";s:6:"credit";s:0:"";s:6:"camera";s:0:"";s:7:"caption";s:0:"";s:17:"created_timestamp";s:1:"0";s:9:"copyright";s:0:"";s:12:"focal_length";s:1:"0";s:3:"iso";s:1:"0";s:13:"shutter_speed";s:1:"0";s:5:"title";s:0:"";s:11:"orientation";s:1:"0";s:8:"keywords";a:0:{}}}]]></wp:meta_value>
							</wp:postmeta>
											</item>
										<item>
						<title>01</title>
						<link></link>
						<pubDate></pubDate>
						<dc:creator><![CDATA[RaitisSevelis]]></dc:creator>
						<guid isPermaLink="false"></guid>
						<description></description>
						<content:encoded><![CDATA[]]></content:encoded>
						<excerpt:encoded><![CDATA[]]></excerpt:encoded>
						<wp:post_id>3293</wp:post_id>
						<wp:post_date><![CDATA[2016-10-04 10:31:08]]></wp:post_date>
						<wp:post_date_gmt><![CDATA[2016-10-04 10:31:08]]></wp:post_date_gmt>
						<wp:comment_status><![CDATA[open]]></wp:comment_status>
						<wp:ping_status><![CDATA[closed]]></wp:ping_status>
						<wp:post_name><![CDATA[01-17]]></wp:post_name>
						<wp:status><![CDATA[inherit]]></wp:status>
						<wp:post_parent>2602</wp:post_parent>
						<wp:menu_order>0</wp:menu_order>
						<wp:post_type><![CDATA[attachment]]></wp:post_type>
						<wp:post_password><![CDATA[]]></wp:post_password>
						<wp:is_sticky>0</wp:is_sticky>
													<wp:attachment_url><![CDATA[https://vc-cc-static.s3-us-west-2.amazonaws.com/templates/c036cd30-c824-11e6-bb20-49050579cd80/assets/four-news-block-3293.jpg]]></wp:attachment_url>
							<wp:attachment_real_url><![CDATA[http://localhost/wp-content/uploads/2015/09/01-16.jpg]]></wp:attachment_real_url>
																			<wp:postmeta>
								<wp:meta_key><![CDATA[_wp_attached_file]]></wp:meta_key>
								<wp:meta_value><![CDATA[2015/09/01-16.jpg]]></wp:meta_value>
							</wp:postmeta>
													<wp:postmeta>
								<wp:meta_key><![CDATA[_wp_attachment_metadata]]></wp:meta_key>
								<wp:meta_value><![CDATA[a:5:{s:5:"width";i:400;s:6:"height";i:600;s:4:"file";s:17:"2015/09/01-16.jpg";s:5:"sizes";a:4:{s:9:"thumbnail";a:4:{s:4:"file";s:17:"01-16-150x150.jpg";s:5:"width";i:150;s:6:"height";i:150;s:9:"mime-type";s:10:"image/jpeg";}s:6:"medium";a:4:{s:4:"file";s:17:"01-16-200x300.jpg";s:5:"width";i:200;s:6:"height";i:300;s:9:"mime-type";s:10:"image/jpeg";}s:17:"dazzling-featured";a:4:{s:4:"file";s:17:"01-16-400x410.jpg";s:5:"width";i:400;s:6:"height";i:410;s:9:"mime-type";s:10:"image/jpeg";}s:9:"tab-small";a:4:{s:4:"file";s:15:"01-16-60x60.jpg";s:5:"width";i:60;s:6:"height";i:60;s:9:"mime-type";s:10:"image/jpeg";}}s:10:"image_meta";a:12:{s:8:"aperture";s:1:"0";s:6:"credit";s:0:"";s:6:"camera";s:0:"";s:7:"caption";s:0:"";s:17:"created_timestamp";s:1:"0";s:9:"copyright";s:0:"";s:12:"focal_length";s:1:"0";s:3:"iso";s:1:"0";s:13:"shutter_speed";s:1:"0";s:5:"title";s:0:"";s:11:"orientation";s:1:"0";s:8:"keywords";a:0:{}}}]]></wp:meta_value>
							</wp:postmeta>
											</item>
										<item>
						<title>06</title>
						<link></link>
						<pubDate></pubDate>
						<dc:creator><![CDATA[RaitisSevelis]]></dc:creator>
						<guid isPermaLink="false"></guid>
						<description></description>
						<content:encoded><![CDATA[]]></content:encoded>
						<excerpt:encoded><![CDATA[]]></excerpt:encoded>
						<wp:post_id>3469</wp:post_id>
						<wp:post_date><![CDATA[2016-11-01 13:35:20]]></wp:post_date>
						<wp:post_date_gmt><![CDATA[2016-11-01 13:35:20]]></wp:post_date_gmt>
						<wp:comment_status><![CDATA[open]]></wp:comment_status>
						<wp:ping_status><![CDATA[closed]]></wp:ping_status>
						<wp:post_name><![CDATA[06-3-2]]></wp:post_name>
						<wp:status><![CDATA[inherit]]></wp:status>
						<wp:post_parent>0</wp:post_parent>
						<wp:menu_order>0</wp:menu_order>
						<wp:post_type><![CDATA[attachment]]></wp:post_type>
						<wp:post_password><![CDATA[]]></wp:post_password>
						<wp:is_sticky>0</wp:is_sticky>
													<wp:attachment_url><![CDATA[https://vc-cc-static.s3-us-west-2.amazonaws.com/templates/c036cd30-c824-11e6-bb20-49050579cd80/assets/four-news-block-3469.jpg]]></wp:attachment_url>
							<wp:attachment_real_url><![CDATA[http://localhost/wp-content/uploads/2016/08/asynchronous-gallery-3378.jpg]]></wp:attachment_real_url>
																			<wp:postmeta>
								<wp:meta_key><![CDATA[_wp_attached_file]]></wp:meta_key>
								<wp:meta_value><![CDATA[2016/08/asynchronous-gallery-3378.jpg]]></wp:meta_value>
							</wp:postmeta>
													<wp:postmeta>
								<wp:meta_key><![CDATA[_wp_attachment_metadata]]></wp:meta_key>
								<wp:meta_value><![CDATA[a:5:{s:5:"width";i:500;s:6:"height";i:600;s:4:"file";s:37:"2016/08/asynchronous-gallery-3378.jpg";s:5:"sizes";a:4:{s:9:"thumbnail";a:4:{s:4:"file";s:37:"asynchronous-gallery-3378-150x150.jpg";s:5:"width";i:150;s:6:"height";i:150;s:9:"mime-type";s:10:"image/jpeg";}s:6:"medium";a:4:{s:4:"file";s:37:"asynchronous-gallery-3378-250x300.jpg";s:5:"width";i:250;s:6:"height";i:300;s:9:"mime-type";s:10:"image/jpeg";}s:17:"dazzling-featured";a:4:{s:4:"file";s:37:"asynchronous-gallery-3378-500x410.jpg";s:5:"width";i:500;s:6:"height";i:410;s:9:"mime-type";s:10:"image/jpeg";}s:9:"tab-small";a:4:{s:4:"file";s:35:"asynchronous-gallery-3378-60x60.jpg";s:5:"width";i:60;s:6:"height";i:60;s:9:"mime-type";s:10:"image/jpeg";}}s:10:"image_meta";a:12:{s:8:"aperture";s:1:"0";s:6:"credit";s:0:"";s:6:"camera";s:0:"";s:7:"caption";s:0:"";s:17:"created_timestamp";s:1:"0";s:9:"copyright";s:0:"";s:12:"focal_length";s:1:"0";s:3:"iso";s:1:"0";s:13:"shutter_speed";s:1:"0";s:5:"title";s:0:"";s:11:"orientation";s:1:"0";s:8:"keywords";a:0:{}}}]]></wp:meta_value>
							</wp:postmeta>
											</item>
						</channel>
</rss>